,Autor,Tweet,Local,Data,Hora
0,cejotasep,@Kksefoi @Palmeiras Bora jogar!!!,"S√£o Paulo, Brasil",04-11-2022,20:47:28
1,capiccolo,Se arbitragem n√£o tirasse o o Palmeiras a hist√≥ria seria outra https://t.co/hg1JqGUw5m,"S√£o Paulo, Brasil",04-11-2022,20:46:33
2,zegustavo97,"Troquei uma ideia com o Murilo Possa, t√©cnico do Ibrachina Sub-17, sobre o Alex. Ele elogiou muito o novo lateral do Palmeiras:
‚ÄúNo dia a dia √© um menino tranquilo, que precisou de um tempo de adapta√ß√£o pro modelo de jogo mas quando ganhou confian√ßa ele explodiu. (‚Ä¶) https://t.co/04pW81RlgK","Jundia√≠, Brasil",04-11-2022,20:44:55
3,LucasKomagai,"@DeoBorges89 @carloscereto Pra Ganhar Midia,Tem q Falar asneiras sobre o Palmeiras.
Palmeiras da Mta Audi√™ncia e vem Dando Audi√™ncia.","Mau√°, Brasil",04-11-2022,20:40:45
4,EnioEvangelista,@TNTSportsBR Prefiro Abel no Palmeiras. Pensem comigo: quem o substituiria a altura?,"Lorena, Brasil",04-11-2022,20:38:32
5,allanmattos__,"@Frente1947 Vou tentar acompanhar os jogos treinos, Jhonatan falou que inicia j√° essa semana l√° treinos e tem uns 10 jogos marcados, inclusive Palmeiras!","Itu, Brasil",04-11-2022,20:24:18
6,RodrigoCLGO,https://t.co/PvVgVCsG3w,"Goi√¢nia, Brasil",04-11-2022,20:24:17
7,fabio_marcondes,"@QGClubedaFe Eu vi S√£o Paulo 3x2 Palmeiras em 1987 no Pacaembu esse foi muito especial com o meu Tio Z√©.
Depois S√£o Paulo 2x1 Santos em 1998 no mesmo est√°dio","Perdizes, Brasil",04-11-2022,20:23:12
8,cejotasep,@Kksefoi @Palmeiras Eu ouvi R6???,"S√£o Paulo, Brasil",04-11-2022,20:11:14
9,cejotasep,@Palmeiras X1 estagi? Qualquer hora pra vc,"S√£o Paulo, Brasil",04-11-2022,20:10:43
10,ferinwonderland,@Palmeiras Eles est√£o t√£o felizes ü•∞,"Uni√£o da Vit√≥ria, Brasil",04-11-2022,20:01:03
11,iscxlg,"@mxchelxz t√¥ levando o martinelli por puro clubismo e fodase 

mas O DUDU em hip√≥tese alguma roubaria a vaga dele e do firmino ou at√© mesmo do Matheus Cunha, nem sendo o principal jogador do Palmeiras","S√£o Paulo, Brasil",04-11-2022,20:00:40
12,brtelesigor1914,Ser Sociedade Esportiva Palmeiras √© bom demais. https://t.co/WUeq0dGdZA,"S√£o Paulo, Brasil",04-11-2022,19:58:07
13,mduustb,"02.ùüèùüè.2022 üèÜüáÆüáπ

Tem nem uma semana desse jogo e eu j√° estou com saudade de ver meu amor jogar.

#InstaPorco #InstaVerde #Palmeiras #Brasileir√£o #PalestraItalia #AvantiPalestra https://t.co/YvYbpcV2gT",Allianz Parque,04-11-2022,19:56:20
14,fecanhadas,"Vejam esses prints e entendam a raz√£o pela qual, aos jornaleiros de quinta categoria, s√≥ o que resta √© o engajamento em cima do Palmeiras. https://t.co/TbA7dg4b3x","S√£o Paulo, Brasil",04-11-2022,19:51:52
15,samuelzera_,"@_Cogo__ esse ai √© lunatico, maior rival do Corinthians √© o Palmeiras","S√£o Paulo, Brasil",04-11-2022,19:49:02
16,gianoddi,"C√≠cero Souza, gerente de futebol do Palmeiras, vai estar conosco daqui a pouco no SportsCenter para falar do t√≠tulo brasileiro conquistado na √∫ltima quarta. Liga a√≠.","S√£o Paulo, Brasil",04-11-2022,19:44:59
17,Msanta1914,@jantadaflamengo Esse √© f√°cil quero ver o fiquei na frente do Palmeiras kkkk,"S√£o Bernardo do Campo, Brasil",04-11-2022,19:41:38
18,mduustb,"02.ùüèùüè.2022 üèÜüáÆüáπ

Tem nem uma semana desse jogo e eu j√° estou com saudade de ver meu amor jogar.

#InstaPorco #InstaVerde #Palmeiras #Brasileir√£o #PalestraItalia #AvantiPalestra em Allianz Parque https://t.co/cCUICpVw4Y","S√£o Paulo, Brasil",04-11-2022,19:39:30
19,lucas_tozettti,"@bigodeus Ent√£o, √© aquele papo que falam que 
""Corinthians √© rival, palmeiras √© inimigo"" 
Acho v√°lido pra caralho, mas sei que √© uma pequena parte das torcida que acham isso","S√£o Paulo, Brasil",04-11-2022,19:37:38
20,acscarlos,@DeporFinanzas @Flamengo @Corinthians @Cruzeiro @Palmeiras @Botafogo Todos perde para o Palmeiras !,"Santo Andr√©, Brasil",04-11-2022,19:37:11
21,lucas_tozettti,"@bigodeus Acredito que seja uma opini√£o impopular, mas acho o palmeiras bem mais... por hist√≥rico, por ser vizinho, por ter mto confronto em mata mata al√©m do estadual na hist√≥ria do cl√°ssico 
E tamb√©m a rivalidade nos √∫ltimos anos voltou a ficar quente","S√£o Paulo, Brasil",04-11-2022,19:34:59
22,JstBallin,@niinasanti Me chamaram de palmeiras l√° umas 8x j√°,"S√£o Paulo, Brasil",04-11-2022,19:30:56
23,GabSS_EN,"Palmeiras √© o √∫nico que nos √∫ltimos 3 anos levantou pelo menos 1 da trinca mais importante de t√≠tulos.

Que em 2023 isso se repita üíö https://t.co/9V5KldSjER","S√£o Paulo, Brasil",04-11-2022,19:26:41
24,Antony_Carvalho,@CeboIinhaaa Paulinho ser cogitado no PALMEIRAS √© uma merda.,"Bras√≠lia, Brasil",04-11-2022,19:20:44
25,LucianaBernardo,Boa tarde Pessoal! @Palmeiras @avantipalmeiras #vereadora https://t.co/mZho8sKuVd,"Itatiba, Brasil",04-11-2022,19:18:38
26,eniolimamarcou,"@fernandoangelo_ @SCInternacional @AmericaMG @Palmeiras @Brasileirao @adilsonmartinse Obrigado amigo, me sinto honrado pelo carinho. Forte abra√ßo","Guarulhos, Brasil",04-11-2022,19:10:46
27,vitorxz11_,"@antonio123513 @BarilottiBR @SofascoreBR @Palmeiras @Brasileirao kkkkkkkkkkkkkkk at√© a porra de um Fausto Vera √© melhor que ele
Digo com toda certeza: Pablo Maia √© o melhor primeiro volante atuando no BR","Lorena, Brasil",04-11-2022,19:08:37
28,vitorxz11_,"@SofascoreBR @Palmeiras @Brasileirao Bagre, nunca ser√° Pablo Maia futuro jogador de Prem","Lorena, Brasil",04-11-2022,19:05:27
29,CarlosA54710573,"@AmandaS51620300 O meu Coelhao avacoelhando a vida do Inter , ali√°s nosso fregu√™s.  kkkk. PARAB√âNS PALMEIRAS.","Belo Horizonte, Brasil",04-11-2022,19:01:40
30,SilvioMLeite1,@Palmeiras Jailson j√° est√° treinando ? üíöü§ç,"Mogi das Cruzes, Brasil",04-11-2022,18:57:29
31,thesucram,"@CentralDoCAM Eu acho que o Caetano vai embora. 1¬∞ o futuro presidente do gr√™mio quer ele ou o Anderson Barros, se n√£o for para o Gr√™mio vai para o Palmeiras para tampar o buraco.","Belo Horizonte, Brasil",04-11-2022,18:54:30
32,Vihx,"Aparentemente n√£o teremos superior norte de novo pro jogo do @palmeiras contra o Am√©rica! 
Ser√° q de novo o gol norte ser√° reduzido?
Uma vergonha pro jogo da entrega da ta√ßa! https://t.co/TL8ubArOcm","S√£o Paulo, Brasil",04-11-2022,18:53:31
33,KahtitOfficial,"@TriDaLibertaa @Palestrino_770 @Palmeiras Al√° os caras n√£o ganharam da gente no ano do rebaixamento e ainda metem essa.
Ainda sangra 2021 kkkk","S√£o Paulo, Brasil",04-11-2022,18:47:17
34,Vihx,@Palmeiras_VK @Siga_OBoneco2 Opaaaaa valeu pela dica! Vou aproveita ent√£o,"S√£o Paulo, Brasil",04-11-2022,18:42:26
35,_detorres,"@MuriloR710 Eu vejo aqui muitos Palmeirense, respondendo jornalistas q usam o Palmeiras, sabendo q eles fazem isto pr ganha engajamento, parem n√£o seja idiota quantos mais respondem mais eles v√£o usar o Palmeiras","S√£o Valentim, Brasil",04-11-2022,18:37:39
36,isavmello,@TNTSportsBR Palmeiras,"Recife, Brasil",04-11-2022,18:37:12
37,_davicouto,"@FMC993 No Palmeiras, tem um galera boa tbm. Daria pra levar David Luis tbm","Niter√≥i, Brasil",04-11-2022,18:30:50
38,bneumann_3,"@mcalipe @igcordeiro13 @FalsoMineiro Cara, simples. Na √©poca eram esses dois torneios apenas. E detalhe, em uma das competi√ß√µes s√≥ os campe√µes estaduais jogavam. Depois de muitos anos fora criada a copa do Brasil. O Palmeiras n√£o jogou sozinho. Agora, negar que o Pel√© n√£o ganhou brasileiro, √© um tanto absurdo.","S√£o Paulo, Brasil",04-11-2022,18:25:52
39,Nelson15569833,@M1ARCELO @Tulmag O @1Alviverde  tem um gif do picapau batendo palmas para o doido e isso ai mano enquanto agente der palanque pra esse caras eles se fazem pq o Palmeiras da engajamento,"S√£o Paulo, Brasil",04-11-2022,18:13:29
40,langerr1903,"@ReidoSul1 Na s√©rie B foi √∫til. Quero ver contra Palmeiras, Atl√©tico Mineiro, Flamengo, times de ponta. Vai ser engolido √© colocado no bolso.","Porto Alegre, Brasil",04-11-2022,18:03:58
41,FRS10flb,"@marcelomar05 Contra o Palmeiras ele foi super bem fato, mas contra o mesmo palmeirense ele falhou, mas como n√£o foi gol, ningu√©m lembra, ele √© o tipo de goleiro que tem sorte pq muitas de suas falhas n√£o viram gols pq sen√£o ele j√° tava mais queimado q rosca em padaria.","Santo Andr√©, Brasil",04-11-2022,18:00:45
42,_davicouto,"Da pra levar TRANQUILAMENTE uma galera do Palmeiras, Flamengo e os demais gigantes. Ali√°s, arrisco dizer que d√° pra ganhar a campanha com um time montado s√≥ com os que jogam no pa√≠s. O n√≠vel do futebol evoluiu muito https://t.co/Tvlcfh3mDZ","Niter√≥i, Brasil",04-11-2022,17:43:46
43,LuideehSEP,"@mvicca Se ele mantiver a m√©dia de 60 jogos por temporada, ser√° o 2‚Å∞ jogador que mais ter√° vestido a camisa do Palmeiras. J√° est√° na hist√≥ria e ao final de tudo se renovar, daqui uns 10 anos ter√° que ter um busto l√° dentro tamb√©m.","An√°polis, Brasil",04-11-2022,17:29:06
44,ClickPalestrino,Acabou de publicar uma foto em Sociedade Esportiva Palmeiras https://t.co/nnsanuI5E5,"S√£o Paulo, Brasil",04-11-2022,17:17:52
45,Fefeluxo,O povo est√° querendo o Abelzinho na Sele√ß√£o Brasileira √©? Mas ele j√° treina uma sele√ß√£o. A Sele√ß√£o da Sociedade Esportiva Palmeiras! ü§ùüèª em Onde S√≥ Os Blindados De Deus Chega https://t.co/berT8ZoWMJ,"Goi√¢nia, Brasil",04-11-2022,17:11:46
46,leopindoba,"Eu tiraria Alex Teles e levaria Rodinei. Pra mim 4 do Flamengo tem vaga: Rodinei, Everton Ribeiro, Gabi e Pedro. Dudu do palmeiras tem vaga #F90BR","Vila Velha, Brasil",04-11-2022,17:09:19
47,nickerson_dias,"@Vando4180 @PedroBDF2 @91return @Thiago_1129 @Palestra_News_ @LucasTanaka Um jogo neste ano que o Palmeiras teve v√°rios desfalques, contra o Galo l√°, tu lembra o resultado n√© ?","S√£o Paulo, Brasil",04-11-2022,17:00:25
48,Vihx,Agora pro ano que vem t√° na hora do @Palmeiras tomar vergonha na cara e tirar aquele narrador horr√≠vel do @AllianzParque que n√£o respeita NUNCA a torcida cantando!,"S√£o Paulo, Brasil",04-11-2022,16:56:17
49,gustavobuenorr,"√© halloween, copa do mundo, palmeiras e flamengo campe√£o, manifesta√ß√µes politicas, Pr√©-Caju... √© MUITA INFORMA√á√ÉO","Aracaju, Brasil",04-11-2022,16:50:34
50,CarlosG21729082,@ErickFSilveira Time do ano no Rio. Pq o maior √© Palmeiras.  2023 prepara o lombo,"Belo Horizonte, Brasil",04-11-2022,16:47:55
51,oliveira_mafe_,e meu tio que vai TRABALHAR com a blusa do Palmeiras,"Promiss√£o, Brasil",04-11-2022,16:43:30
52,bneumann_3,"@FalsoMineiro Ent√£o, caiu, respeitou o regulamento e subiu na bola. Agora me fala o seu de la pra c√°, pq se eu colocar os do Palmeiras aqui tenho que por um üßµ no tt.","S√£o Paulo, Brasil",04-11-2022,16:37:57
53,1914_manchaSEP,Acabou de publicar uma foto em Rua Turiassu X Rua Caraibas Palmeiras https://t.co/BbD0oqpKmT,"S√£o Paulo, Brasil",04-11-2022,16:35:27
54,mtxx64,"eu discordo bastante 

brasileir√£o realmente √© desde 71, mas o campeonato brasileiro vem desde sempre.

O flamengo √© o maior campe√£o do Brasileir√£o, o palmeiras do campeonato Brasileiro que √© a unifica√ß√£o dos dois 

√â confuso mas √© o pre√ßo que a gente paga pela desordem do passad https://t.co/zs9FiCXc95","Rio de Janeiro, Brasil",04-11-2022,16:34:04
55,diverio_g,"Os caras acreditaram que o inter ia tirar uma vantagem de 8 pontos do Palmeiras que n trope√ßou o campeonato inteiro, o problema √© os bagre mesmo https://t.co/1YNsfEyNib","Cachoeirinha, Brasil",04-11-2022,16:31:19
56,whogabigol,"Isso √© inacredit√°vel. Eu, como fiel torcedor do Palmeiras, exijo a rescis√£o contratual do Endrick! Precisamos que jogadores que ao menos tenham foco na escola. https://t.co/SuQKBJe6A1","Porto Seguro, Brasil",04-11-2022,16:27:01
57,Osvaldo53402521,"@paulomassini #g4bandsports 
E o Paulinho, parece que est√° com conversas bem acertadas com o Palmeiras.","S√£o Paulo, Brasil",04-11-2022,16:26:32
58,DenisFerrari10,@Palmeiras_VK https://t.co/trm3wAlfej,"Jaboticabal, Brasil",04-11-2022,16:21:16
59,thiagones83,"@lakitasodre N√£o tive tempo de comentar: Parab√©ns ao Palmeiras por levantar mais um titulo.
Isso tbm √© para @dfranco50 e os outros palestrinos que tenho como seguidores e vice versa.","S√£o Paulo, Brasil",04-11-2022,16:19:51
60,Seneguini,@gabrilamorim Scarpa iria fugir se o papo fosse s√≥ futebol e Palmeiras,"S√£o Paulo, Brasil",04-11-2022,16:19:17
61,AlexSchmiit,Palmeiras sem personalidade https://t.co/6NG54LpUJH,"Nova Petr√≥polis, Brasil",04-11-2022,16:13:57
62,PSilvaMoura,"@ColunadoFla Diego Alves decidiu v√°rios jogos importantes: disputa de p√™naltis contra o palmeiras, disputa de p√™naltis contra o Palmeiras. Jogo de ida Contra o Gr√™mio, jogo de ida contra o San Jos√©‚Ä¶.","Rio de Janeiro, Brasil",04-11-2022,16:10:21
63,vsfandre_,Maior tristeza que o Palmeiras me deu nessa temporada foi me deixar sabendo que o Scarpa vai embora no fim do ano,"S√£o Paulo, Brasil",04-11-2022,16:01:06
64,jparmerense,"Palmeiras retranqueiro, 55 gols a mais q o curica com apenas 2 jgs a mais https://t.co/gkzOA2sMa0","Ubatuba, Brasil",04-11-2022,15:56:32
65,Andr19645053,"@LucasCollar Leandro Dami√£o se encaixa no perfil que a comiss√£o t√©cnica do Palmeiras procura. 
√â novo, desconhecido e muito promissor kkkkkkkkkkkkk","Guaratinguet√°, Brasil",04-11-2022,15:52:44
66,jpfotoepoesia,"Ah, ainda d√° tempo de comemorar por aqui n√©
O Palmeiras √© Hendeca Campe√£o üèÜüèÜüèÜüèÜüèÜüèÜüèÜüèÜüèÜüèÜüèÜüê∑
Torcida que canta e vibra! https://t.co/69P7S64O11","S√£o Bernardo do Campo, Brasil",04-11-2022,15:44:42
67,rodrigoconti_,@Miltonneves Por isso vc pega no p√© do Palmeiras n√© Milton,"Limeira, Brasil",04-11-2022,15:43:27
68,Geguarino,O cubo m√°gico do Scarpa chegou a ser lan√ßado pelo @Palmeiras?,"S√£o Paulo, Brasil",04-11-2022,15:40:25
69,N_Carvalheira,"Estranho, √©

Ao contr√°rio do festejado t√≠tulo do Palmeiras, em todo o Pa√≠s, a vit√≥ria de Lula passou quase em branco. Viraliza v√≠deo de maceioense mostrando que s√≥ uma em 400 casas do seu condom√≠nio havia petistas celebrando.
 https://t.co/2oxvHpAc4Z.","Rio de Janeiro, Brasil",04-11-2022,15:37:11
70,miltinhojr16,@LionelMedeiros_ Tem jogo do Palmeiras hoje?,"Taubat√©, Brasil",04-11-2022,15:37:00
71,JornalFla10,"Vagner Love comemora - 2012 - seu gol sacramentou o segundo rebaixamento do Palmeiras na hist√≥ria do Brasileir√£o. Fim de jogo, Flamengo 1x1 Palmeiras (üì∑UOL).

Retirado: @MengaoRetro https://t.co/mYhyv4xAFH","Rio de Janeiro, Brasil",04-11-2022,15:30:26
72,philipesant_,"palmeiras vai fazer o q com o damiao cara, n fode ü§£ https://t.co/giJTqzGtL9","Porto Alegre, Brasil",04-11-2022,15:30:26
73,bar_everton10,"@O_Bairrista Grohe, Mayke(Palmeiras), Gabriel (ex Atl√©tico), Reinaldo (S√£o Paulo), Tch√™ Tch√™ (Botafogo), Ademir (Atl√©tico), Pedro Rocha (Fortaleza), Pedro Raul (Goi√°s)","Soledade, Brasil",04-11-2022,15:21:47
74,HudsonEstevesd1,"Explicar a emo√ß√£o de ser palmeirense, a um palmeirense, √© totalmente desnecess√°rio. E a quem n√£o √© palmeirense... √â simplesmente imposs√≠vel! @AllianzParque @avantipalmeiras @Palmeiras @seguemeupal @Infos_palestra https://t.co/Q4BKpWRYkw","Setor Central, Goi√¢nia",04-11-2022,15:12:27
75,jovem_manu,"To aceitando, vai combinar com minha peita do Palmeiras https://t.co/TVxFo2CYAJ","Araraquara, Brasil",04-11-2022,15:09:58
76,SandraFranchi3,"@brunomassa @Tifosi14sep @Palmeiras Entendi. 
√â que foram t√£o enf√°ticos q achei que tava fechado com üêì","Ribeir√£o Preto, Brasil",04-11-2022,15:05:35
77,SandraFranchi3,"@brunomassa @Tifosi14sep @Palmeiras Massa, faz umas 2 semanas, vi pessoal da Espn afirmando que ele iria pro üêì","Ribeir√£o Preto, Brasil",04-11-2022,15:01:25
78,falaporco_,"Agora, oficialmente, √© maior treinador da hist√≥ria da Sociedade Esportiva Palmeiras. Pode falar o que quiser. Esse cara aqui √© MUITO fora de s√©rie. Que fique por muito tempo ainda. üíö https://t.co/f5SqclSWvu","Guarulhos, Brasil",04-11-2022,15:00:25
79,LEILANASSIF5,Palmeiras amplia lideran√ßa no ranking de campe√µes do Brasileir√£o https://t.co/qKwqJrUm3L,"S√£o Paulo, Brasil",04-11-2022,14:52:06
80,LEILANASSIF5,Palmeiras conhece grupo e sede da Copinha 2023 https://t.co/exrWY5yO0i,"S√£o Paulo, Brasil",04-11-2022,14:49:34
81,Vulgomalvadao66,"Palmeiras cantando m√∫sica pro Flamengo, enquanto isso os flamenguistas tratando com torcedores do  Real Madrid e Manchester City kkkkkk #otopatamar","Fortaleza, Brasil",04-11-2022,14:48:31
82,LEILANASSIF5,Dudu cita nova hist√≥ria do chap√©u do Palmeiras no Corinthians em 2015 https://t.co/i3lRrgVGRb,"S√£o Paulo, Brasil",04-11-2022,14:47:51
83,LEILANASSIF5,Abel explica processo de contrata√ß√µes do Palmeiras para 2023 https://t.co/r3wbBEA9vS,"S√£o Paulo, Brasil",04-11-2022,14:45:31
84,LEILANASSIF5,Dudu nega f√©rias antecipadas e se diz arrepiado por hist√≥ria no Palmeiras https://t.co/mpE9k9Cz2x,"S√£o Paulo, Brasil",04-11-2022,14:42:53
85,LEILANASSIF5,Brasileir√£o faz sele√ß√£o dos 11 t√≠tulos do Palmeiras; veja o time https://t.co/IcUOJjzh2H,"S√£o Paulo, Brasil",04-11-2022,14:40:24
86,LEILANASSIF5,Imprensa internacional repercute o hendeca do Palmeiras https://t.co/w34WFjbJi2,"S√£o Paulo, Brasil",04-11-2022,14:38:22
87,PalmeiraStoreRP,"Copos T√©rmicos Oficiais do Verd√£o, marca ARELL. Com parede dupla de a√ßo inox e tecnologia de isolamento √† v√°cuo. Perfeito para manter a temperatura ideal da sua bebida favorita! 

üí≥ Tabelado para Clubes R$259,90

#Palmeiras #SEP
#Arell #TodosSomos11 https://t.co/Dh9aYPfpbc",Pra√ßa Shopping,04-11-2022,14:33:35
88,elisabete_asf,"@Palmeiras üíö
Confira o v√≠deo de TNT Sports Brasil! #TikTok https://t.co/itkLH8ASe7","S√£o Jos√© dos Campos, Brasil",04-11-2022,14:28:16
89,ar_alviverde,"@lance_palmeiras @Driieelllyy Gra√ßas a um projeto iniciado pelo Paulo Nobre e mantido pelo Galiotte, porqu√™ se dependesse s√≥ dela n√£o ganhar√≠amos nem par ou impar.","Santa Isabel, Brasil",04-11-2022,14:25:10
90,xfavela_,@carloscereto 11 vezes s√≥ meu palmeiras t√°,"Campo Grande, Brasil",04-11-2022,14:13:55
91,ResendeSEP,@Palmeiras Brabo dema11s!!!,"Osasco, Brasil",04-11-2022,14:13:52
92,Luizsince21,Ja pode parar de comemorar o t√≠tulo  do @Palmeiras pra come√ßar a tomar √°gua ou ainda ta cedo ?,"Ant√¥nio Martins, Brasil",04-11-2022,13:47:36
93,LukaMaio,"Se chegamos at√© a final, muito do m√©rito √© do Felip√£o sim, mas a perda do t√≠tulo passa muito por suas m√£os ao optar por deixar o mais decisivo do time no banco numa final. Que escolha rid√≠cula.
Sim contra o Palmeiras tbm, mas eram 2 jogos. E come√ßamos o 2¬∫ com resultado a favor. https://t.co/5RmuMHdr8u","Curitiba, Brasil",04-11-2022,13:43:42
94,jgtorrexx,Ja pensou duas finais de sub 20 nesse ano e perder uma pra Palmeiras e outra pra Corinthians,"Porto Velho, Brasil",04-11-2022,13:43:06
95,juanverdao,Algumas das finais ! #AvantiPalestra @Palmeiras https://t.co/wjmvZOPxQR,"S√£o Jos√© dos Campos, Brasil",04-11-2022,13:29:28
96,Mclara_Diias,Os 11 brasileiros do Palmeiras √© fax n√©?,"Sumar√©, Brasil",04-11-2022,13:18:01
97,AlyssonMad,"@FredAugustoInfo @Atletico S√≥ de pensar que Flamengo, Palmeiras, Corinthians, Athletico Paranaense j√° est√£o se organizando e planejando o 2023 me causa medo. O Galo ainda nem sabe se o treinador vai ficar em 2023. Que tristeza. 

J√° posso esperar o 2024?","Belo Horizonte, Brasil",04-11-2022,13:07:48
98,umporcoqualquer,"@SerieAemNumeros Pr√≥ximo ano √© a vez do Palmeiras levantar a libertadores pro endrick, @Sonjhon21, e voc√™s ficam com o br","S√£o Crist√≥v√£o, Brasil",04-11-2022,13:02:23
